rank,name,name_ascii,institution,country,arxiv_rank,openalex_rank,zbmath_rank,arxiv_papers,openalex_works,openalex_citations,zbmath_papers,overall_h_index,h_index_source,first_active_year,last_active_year,birth_year,doctoral_advisor,orcid,wikidata_id
1,Henryk Iwaniec,Henryk Iwaniec,Rutgers University,US,,,1,,1,0,,50,openalex,1972,2022,,,,
2,John B. Friedlander,John B. Friedlander,University of Toronto,CA,,,4,,1,0,,34,openalex,1991,2022,,,,
3,M. Ram Murty,M. Ram Murty,Queen's University,CA,,,5,,,,,25,openalex,2014,2014,,,,
4,D. R. Heath-Brown,D. R. Heath-Brown,University of Oxford,GB,,,6,,,,,45,openalex,2001,2017,,,,
5,Glyn Harman,Glyn Harman,Royal Holloway University of London,GB,,,7,,,,,19,openalex,2004,2024,,,,
6,Stephan Baier,Stephan Baier,Ramakrishna Mission Vivekananda Educational and Research Institute,IN,,,8,,1,10,,14,openalex,2002,2009,,,,
7,Igor E. Shparlinski,Igor E. Shparlinski,University of New South Wales,AU,,,9,,1,10,,42,openalex,2005,2025,,,,
8,Yoichi Motohashi,Yoichi Motohashi,Nihon University,JP,,,10,,,,,19,openalex,1970,1971,,,,
9,Efthymios Sofos,Efthymios Sofos,University of Rome Tor Vergata,IT,2,12,62,5,4,4,,7,openalex,2018,2026,,,,
10,Etienne Fouvry,Etienne Fouvry,University of Paris-Saclay,FR,,16,12,2,3,42,,28,openalex,1997,2022,,,,
11,Carl Pomerance,Carl Pomerance,Dartmouth College,US,,,14,,,,,39,openalex,2021,2026,,,,
12,Paul Pollack,Paul Pollack,University of Georgia,US,,,15,,,,,13,openalex,2008,2020,,,,
13,Janos Pintz,Janos Pintz,Alfréd Rényi Institute of Mathematics,HU,,,16,,1,44,,26,openalex,2009,2009,,,,
14,Peter D. T. A. Elliott,Peter D. T. A. Elliott,University of Colorado Boulder,US,,,18,,,,,19,openalex,2002,2003,,,,
15,Jie Wu,Jie Wu,Université Paris-Est Créteil Val-de-Marne,FR,,,19,,,,,19,openalex,2017,2019,,,,
16,Runbo Li,Runbo Li,The High School Affiliated to Renmin University of China,CN,5,,,3,1,0,,,,2024,2025,,,,
17,Alexander K. Zvonkin,Alexander K. Zvonkin,University of Bordeaux,FR,1,3,156,5,7,5,,12,openalex,2020,2026,,,,
18,Gérald Tenenbaum,Gerald Tenenbaum,Institut Élie Cartan de Lorraine,FR,,,25,,,,,30,openalex,1990,2018,,,,
19,R. C. Vaughan,R. C. Vaughan,Pennsylvania State University,US,,,26,,,,,35,openalex,2013,2025,,,,
20,James Maynard,James Maynard,University of Oxford,GB,,,27,1,,,,11,openalex,2020,2023,,,,
21,Joni Teräväinen,Joni Teravainen,University of Cambridge,GB,,21,69,2,2,1,,9,openalex,2018,2026,,,,
22,Peter Sarnak,Peter Sarnak,Princeton University,US,,19,95,1,2,3,,57,openalex,1993,2024,,,,
23,Kaisa Matomäki,Kaisa Matomaki,University of Turku,FI,,,30,,,,,16,openalex,2008,2008,,,,
24,Stephan Ramon Garcia,Stephan Ramon Garcia,Pomona College,US,4,7,194,4,6,39,,27,openalex,2017,2024,,,,
25,Kevin Ford,Kevin Ford,University of Illinois Urbana-Champaign,US,,,31,,,,,,,2020,2026,,,,
26,András Sárközy,Andras Sarkozy,Eötvös Loránd University,HU,,,32,,,,,31,openalex,2018,2020,,,,
27,Harold G. Diamond,Harold G. Diamond,University of Illinois Urbana-Champaign,US,,,34,,1,16,,19,openalex,1997,1997,,,,
28,Terence Tao,Terence Tao,"University of California, Los Angeles",US,,,35,,,,,101,openalex,2011,2026,,,,
29,Jean‐Marc Deshouillers,JeanMarc Deshouillers,University of Bordeaux,FR,,,36,,,,,16,openalex,2024,2025,,,,
30,Andrew Granville,Andrew Granville,Université de Montréal,CA,,43,33,1,2,14,,32,openalex,1991,2024,,,,
31,Liangyi Zhao,Liangyi Zhao,University of New South Wales,AU,,,37,,,,,14,openalex,2007,2013,,,,
32,Emmanuel Kowalski,Emmanuel Kowalski,ETH Zurich,CH,,,39,1,1,32,,29,openalex,2015,2015,,,,
33,Imre Kátai,Imre Katai,Eötvös Loránd University,HU,,,41,,,,,15,openalex,2011,2011,,,,
34,Angel Kumchev,Angel Kumchev,Towson University,US,,,42,,,,,12,openalex,2004,2004,,,,
35,Jörg Brüdern,Jorg Brudern,University of Göttingen,DE,,50,40,,2,0,,19,openalex,2000,2021,,,,
36,Doychin Tolev,Doychin Tolev,Sofia University,BG,,,46,,,,,10,openalex,1993,2010,,,,
37,Hugh Lowell Montgomery,Hugh Lowell Montgomery,University of Michigan,US,,,48,,,,,32,openalex,1994,1994,,,,
38,Hector Pasten,Hector Pasten,Pontifical Catholic University of Chile,CL,,23,195,1,2,1,,8,openalex,2014,2026,,,,
39,Sergey Konyagin,Sergey Konyagin,Steklov Mathematical Institute,RU,,,50,,,,,28,openalex,2021,2024,,,,
40,Hao Pan,Hao Pan,Nanjing University of Finance and Economics,CN,,,51,,,,,17,openalex,2019,2019,,,,
41,E. V. Vakhitova,E. V. Vakhitova,Voronezh State University,RU,,,52,,,,,,,1992,1992,,,,
42,Jürgen G. Hinz,Jurgen G. Hinz,University of Marburg,DE,,,53,,,,,,,1996,2003,,,,
43,William D. Banks,William D. Banks,University of Missouri,US,,,55,,,,,21,openalex,2005,2026,,,,
44,Antal Balog,Antal Balog,Alfréd Rényi Institute of Mathematics,HU,,,56,,,,,18,openalex,1989,1989,,,,
45,Hugh C. Williams,Hugh C. Williams,University of Calgary,CA,,,58,,,,,18,openalex,1988,2003,,,,
46,Cécile Dartyge,Cecile Dartyge,University of Lorraine,FR,,,59,,,,,11,openalex,1996,2022,,,,
47,H. A. Helfgott,H. A. Helfgott,Université Paris Cité,FR,,,60,,,,,19,openalex,2003,2014,,,,
48,Alex Kontorovich,Alex Kontorovich,Rutgers University,US,,,61,,,,,13,openalex,2009,2024,,,,
49,Cameron L. Stewart,Cameron L. Stewart,University of Waterloo,CA,,,63,,,,,20,openalex,2021,2021,,,,
50,Philippe Michel,Philippe Michel,École Polytechnique Fédérale de Lausanne,CH,,49,118,1,2,32,,,,1998,2015,,,,
51,S. Salerno,S. Salerno,University of Salerno,IT,,,71,,,,,,,1994,1994,,,,
52,Michael Filaseta,Michael Filaseta,University of South Carolina,US,,,75,,,,,16,openalex,1992,2015,,,,
53,S. W. Graham,S. W. Graham,Central Michigan University,US,,,76,,,,,15,openalex,2015,2015,,,,
54,K. Soundararajan,K. Soundararajan,Stanford University,US,,,77,,,,,33,openalex,2021,2021,,,,
55,Wenguang Zhai,Wenguang Zhai,China University of Mining and Technology (Beijing),CN,,,78,,,,,13,openalex,2012,2012,,,,
56,Ping Xi,Ping Xi,Xi'an Jiaotong University,CN,,,79,,,,,9,openalex,2017,2019,,,,
57,Jori Merikoski,Jori Merikoski,University of Helsinki,FI,,,80,1,1,1,,2,openalex,2020,2025,,,,
58,Jean-Marie De Koninck,Jean-Marie De Koninck,Université Laval,CA,,,88,,,,,10,openalex,2011,2018,,,,
59,Alexandru Zaharescu,Alexandru Zaharescu,University of Illinois Urbana-Champaign,US,,,96,,,,,24,openalex,2020,2020,,,,
60,Sanoli Gun,Sanoli Gun,Institute of Mathematical Sciences,IN,,,97,,,,,10,openalex,2024,2024,,,,
61,Trevor D. Wooley,Trevor D. Wooley,Purdue University West Lafayette,US,,,98,,,,,28,openalex,2002,2020,,,,
62,Alberto Perelli,Alberto Perelli,University of Genoa,IT,,,99,,,,,20,openalex,1995,1996,,,,
63,Karl-Heinz Indlekofer,Karl-Heinz Indlekofer,Paderborn University,DE,,,100,,,,,,,1999,1999,,,,
64,Koichi Kawada,Koichi Kawada,Iwate University,JP,,,101,,,,,9,openalex,2002,2002,,,,
65,S. I. Dimitrov,S. I. Dimitrov,Technical University of Sofia,BG,,,102,,,,,6,openalex,2023,2023,,,,
66,Karin Halupczok,Karin Halupczok,Heinrich Heine University Düsseldorf,DE,,,103,,,,,5,openalex,2022,2022,,,,
67,Lilu Zhao,Lilu Zhao,University of Science and Technology of China,CN,,,111,1,1,0,,,,2020,2020,,,,
68,Greg Martin,Greg Martin,University of British Columbia,CA,,,113,1,1,0,,16,openalex,1999,2020,,,,
69,Yong-Gao Chen,Yong-Gao Chen,Nanjing Normal University,CN,,,114,,,,,,,2000,2002,,,,
70,Imre Z. Ruzsa,Imre Z. Ruzsa,Alfréd Rényi Institute of Mathematics,HU,,,115,,1,0,,33,openalex,2000,2003,,,,
71,Stanley Yao Xiao,Stanley Yao Xiao,University of Northern British Columbia,CA,,,116,,1,1,,,,2017,2024,,,,
72,P. Moree,P. Moree,Max Planck Institute for Mathematics,DE,,,117,1,,,,20,openalex,2007,2015,,,,
73,Régis de la Bretèche,Regis de la Breteche,Université Paris Cité,FR,,,131,,,,,14,openalex,2006,2020,,,,
74,M. Nair,M. Nair,-,GB,,,132,,,,,,,1995,1996,,,,
75,A. J. Irving,A. J. Irving,-,GB,,,133,1,1,7,,,,2014,2015,,,,
76,Timothy S. Trudgian,Timothy S. Trudgian,UNSW Canberra,AU,,,134,,,,,,,2013,2013,,,,
77,Shenggang Xie,Shenggang Xie,University of Science and Technology of China,CN,,,135,,,,,,,1989,1989,,,,
78,Xiaodong Lü,Xiaodong Lu,Yangzhou University,CN,,,151,,1,0,,,,2021,2021,,,,
79,Tamar Ziegler,Tamar Ziegler,Hebrew University of Jerusalem,IL,,,154,,,,,14,openalex,2015,2018,,,,
80,L. Hajdu,L. Hajdu,University of Debrecen,HU,,,155,,,,,,,2018,2023,,,,
81,Alexander Dunn,Alexander Dunn,Georgia Institute of Technology,US,,,158,,,,,,,2020,2020,,,,
82,Anitha Srinivasan,Anitha Srinivasan,Saint Louis University Madrid,ES,,,159,,,,,,,1999,2022,,,,
83,Jesse Thorner,Jesse Thorner,University of Illinois Urbana-Champaign,US,,,160,,,,,9,openalex,2018,2018,,,,
84,Daniel Loughran,Daniel Loughran,University of Bath,GB,,,161,,,,,,,2022,2022,,,,
85,Víctor Julio Ramírez Viñas,Victor Julio Ramirez Vinas,Simon Bolivar University,ES,,,162,,,,,2,openalex,2019,2023,,,,
86,Emre Alkan,Emre Alkan,Koç University,TR,,,163,,,,,,,2025,2025,,,,
87,Lasse Grimmelt,Lasse Grimmelt,University of Cambridge,GB,,,164,1,1,0,,2,openalex,2022,2025,,,,
88,G. K. Viswanadham,G. K. Viswanadham,Indian Institute of Science Education and Research Berhampur,IN,,,165,,,,,,,2026,2026,,,,
89,Maksym Radziwiłł,Maksym Radziwill,Northwestern University,US,,,174,1,1,10,,17,openalex,2018,2022,,,,
90,Yuchen Ding,Yuchen Ding,Yangzhou University,CN,,,184,,1,0,,8,openalex,2021,2021,,,,
91,Alex Gamburd,Alex Gamburd,City University of New York,US,,,191,,,,,17,openalex,2006,2006,,,,
92,Stéphane R. Louboutin,Stephane R. Louboutin,Aix-Marseille University,FR,,,192,,,,,18,openalex,1990,1992,,,,
93,Sunil L. Naik,Sunil L. Naik,Max Planck Institute for Mathematics,DE,,,197,,,,,2,openalex,2025,2025,,,,
94,Eira J. Scourfield,Eira J. Scourfield,Royal Holloway University of London,GB,,,198,,,,,,,2016,2016,,,,
95,Robert J. Lemke Oliver,Robert J. Lemke Oliver,University of Wisconsin-Madison,US,,,199,1,,,,11,openalex,2012,2012,,,,
96,Hourong Qin,Hourong Qin,Nanjing University,CN,,,200,,,,,,,2012,2025,,,,
